file_id,kind,detected,height,position,fwhm,dataset
068d4663-f4f1-40c4-b19c-f66b989effa8,aromatic,True,0.0298,2238.0,25.0,Chemotion
0886a711-4691-43dc-8eef-86569fc48bd0,aromatic,True,0.2173,2230.0,14.1,Chemotion
0b428baf-3fb2-4256-ad56-ab4876d82313,aromatic,True,0.4493,2222.0,12.3,Chemotion
0bf01d15-4c2e-4dd4-ba87-b482a3098fc0,aromatic,True,0.0338,2234.0,8.8,Chemotion
0e894264-ea84-4b72-be18-aedd2b2b48d8,aromatic,True,0.2905,2224.0,14.8,Chemotion
0f3f52a6-cc92-4411-b9da-65e011abdd47,aromatic,False,0.0,,,Chemotion
118b94da-a402-42e1-808d-3a3991cd71a1,aromatic,True,0.2736,2240.0,11.1,Chemotion
11ce3a46-449e-4b5c-ba3c-0d738e9e5107,aromatic,True,0.5939,2226.0,8.8,Chemotion
11e4c4b1-722f-42d0-ab79-86f1cd25bebf,aromatic,True,0.5459,2220.0,13.6,Chemotion
18580ddd-fe93-4f77-a317-4882b64c724d,saturated,True,0.127,2248.0,16.4,Chemotion
1bc9296c-d450-4ff1-924b-71f79ffb7164,aromatic,True,0.5175,2228.0,16.6,Chemotion
298cc594-3951-42a9-97d7-5a56dda58888,aromatic,True,0.4803,2220.0,17.7,Chemotion
2cbd3450-a7e8-40f8-ab1e-bfbd587cda1f,aromatic,True,0.3017,2224.0,30.7,Chemotion
2cd65eeb-0c62-4725-8ff7-abcfaf713d01,aromatic,True,0.997,2218.0,18.2,Chemotion
2e651f15-ee5d-4a43-bfcb-efd347574b45,aromatic,True,0.1577,2228.0,11.4,Chemotion
389d63fd-c53f-480f-a109-9945b4bba3e4,aromatic,True,0.0358,2234.0,8.6,Chemotion
3cffb8cd-19bc-4d21-a6a1-ca6282ba735d,aromatic,True,0.1713,2228.0,11.2,Chemotion
3e85fe5d-d5e0-4364-bd46-6d8e16ecd041,aromatic,True,0.3715,2222.0,15.9,Chemotion
40659f98-e939-4f6e-9f43-d08a9aa27328,aromatic,True,0.032,2234.0,24.9,Chemotion
40bcba41-5124-4656-9b6f-09eaa7344f73,aromatic,True,0.0341,2236.0,16.1,Chemotion
42bd8c55-6f8d-4768-a761-95ec3f7e2e2d,aromatic,True,0.0305,2238.0,17.7,Chemotion
4971b7e1-6d6b-49e2-a607-ee0c2399f205,aromatic,True,0.2594,2226.0,27.8,Chemotion
4f7151bd-94ce-4e4a-ba46-c44bffaa743b,aromatic,False,0.0,,,Chemotion
51154dcf-2b0f-4d7d-8a48-9bc66a0735b2,aromatic,True,0.033,2236.0,22.3,Chemotion
518cbe8f-344b-4121-a838-71f9a5b7c25a,aromatic,True,0.0332,2234.0,20.1,Chemotion
59d35d8b-c7cf-4c67-b7ca-ce774f0da3dc,aromatic,True,0.5282,2220.0,15.4,Chemotion
5a21f47c-1c55-4de8-a03a-0c2778de556c,aromatic,True,0.4311,2216.0,11.5,Chemotion
5d330d63-b947-4dd0-b7b8-732bb7b204ee,aromatic,True,0.4975,2220.0,12.2,Chemotion
5f0a3a6c-ecf1-46fb-9f16-d5eaa40dc7f2,aromatic,True,0.1474,2232.0,10.9,Chemotion
618ab98b-b47f-4d86-a208-187943e97f1a,aromatic,True,0.6142,2228.0,10.7,Chemotion
6857e99f-5d52-4f23-8550-29efd958ca6e,aromatic,True,0.3049,2190.0,39.9,Chemotion
6ce4c4ae-d78b-40aa-8339-85b3750a7852,aromatic,True,0.5691,2220.0,13.9,Chemotion
705f052a-ee65-48f7-99af-e9a5fcd9c702,aromatic,True,0.1973,2216.0,15.5,Chemotion
70eb43a3-7945-4b5a-9b4a-98376dadaabd,aromatic,True,0.8097,2216.0,14.6,Chemotion
72feaa8f-192c-40bc-af2a-6968302f5445,aromatic,True,0.0289,2234.0,20.6,Chemotion
75393ca2-ed6f-4e61-b3f7-c46e2eb6d0a8,aromatic,True,0.0306,2220.0,41.2,Chemotion
766f94e0-eb0f-4d6d-a49d-175556d1f5e3,aromatic,True,0.4439,2224.0,9.6,Chemotion
7fafdf75-ac28-4e89-ba8e-a5dc378102f5,aromatic,True,0.4301,2222.0,10.5,Chemotion
862f6c5f-358e-4ca7-8780-6bdb35a77968,aromatic,True,0.5794,2218.0,10.0,Chemotion
879cde38-0931-435f-823c-5e33a18fe72d,aromatic,False,0.0,,,Chemotion
88167ed7-d4fc-4f55-9228-387e921b949b,aromatic,True,0.5166,2220.0,9.6,Chemotion
95d1c7d4-e738-4f81-9549-66c30653aa8b,aromatic,True,0.0391,2234.0,15.0,Chemotion
9646e698-0e47-4a50-8f81-5ce4a89e6741,aromatic,True,0.2879,2224.0,13.0,Chemotion
99fe3c74-9df4-4fbd-b521-cc344e7cf696,saturated,True,0.1054,2218.0,29.8,Chemotion
9f18145a-a13c-4e24-a5c3-5d6b56801647,aromatic,True,0.4078,2220.0,14.4,Chemotion
a6078405-f291-44bd-93e1-6cefaf10f2ec,aromatic,False,0.0,,,Chemotion
a6611dfd-6d1f-4abe-a374-1713294a0da5,aromatic,True,0.2687,2222.0,17.8,Chemotion
a70a98b9-fbca-49f1-a068-e760f5e101fb,aromatic,True,0.5722,2216.0,11.4,Chemotion
ac621292-30fe-4625-b236-5e28120c723d,aromatic,True,0.0375,2234.0,135.7,Chemotion
aded2ac0-79d9-409a-ae7c-d88e103c09e4,aromatic,True,0.6675,2220.0,11.2,Chemotion
b4e2022a-8404-403e-9973-adcb2daa988d,aromatic,True,0.0878,2226.0,10.9,Chemotion
b50189f1-e1fd-4bb5-848e-5d60f2590266,aromatic,True,0.2062,2228.0,9.2,Chemotion
bed3576a-0c03-4abe-8ef1-7d2e5778f5e2,aromatic,True,0.06,2234.0,11.7,Chemotion
bf9c967c-81b0-4ca2-a920-ad6c12bd7386,aromatic,True,0.0753,2226.0,10.1,Chemotion
c22ad5d7-ce1d-495d-a116-ee3933e39758,aromatic,True,0.4846,2222.0,12.9,Chemotion
c69760a7-65de-4db1-af54-2d041b8d0fee,aromatic,True,0.6597,2220.0,9.1,Chemotion
c79b198f-2409-4bee-b8ef-4e0bb3d015d1,aromatic,True,0.5099,2216.0,13.5,Chemotion
d1f9da43-4fc6-42a1-a11a-ba04c57a0a82,aromatic,True,0.255,2228.0,19.0,Chemotion
d52143fc-acb3-41e9-83dd-cee7cd84b826,aromatic,True,0.5032,2216.0,14.6,Chemotion
deed42ce-982c-4b92-a6d3-db4fc8b440e9,aromatic,True,0.2289,2228.0,9.4,Chemotion
dffa1883-ac66-40a6-ab4a-db1f85878fe2,aromatic,True,0.4598,2226.0,9.0,Chemotion
e0907465-f6e6-4c60-8bac-9751735ea8ad,aromatic,True,0.6272,2220.0,10.6,Chemotion
e1b19510-6500-449e-9cdb-884e91deeabc,saturated,True,0.3108,2200.0,39.1,Chemotion
e76374e5-2672-47e9-93a3-b2be9bdcac06,aromatic,True,0.3956,2224.0,10.9,Chemotion
f05e367b-e59e-4122-b198-ff3b75f54bac,aromatic,True,0.6989,2218.0,9.6,Chemotion
f208b623-11fd-4737-ae9f-28c412c443fc,aromatic,True,0.5866,2218.0,8.7,Chemotion
f4274305-d502-4f9e-84e4-748a7ff0cd12,aromatic,True,0.5001,2226.0,13.7,Chemotion
f848a705-0309-4199-8d17-b507f61eba3a,aromatic,True,0.0293,2234.0,10.9,Chemotion
f8ec8be5-ba33-44db-8d99-0e65ebb9e0b7,aromatic,True,0.0265,2234.0,28.0,Chemotion
fb7a321e-4b58-456b-8f70-4582083f25f7,aromatic,True,0.503,2220.0,9.3,Chemotion
fc1c6569-5291-49ef-9b6b-bbb57e9c0526,aromatic,True,0.4312,2218.0,16.5,Chemotion
fd71ee2c-7969-4128-ba7a-bd29aa9715d5,aromatic,True,0.0278,2234.0,23.8,Chemotion
C100458_2,saturated,True,0.6179,2236.0,14.0,NIST
C100470_1,aromatic,True,0.605,2214.0,19.4,NIST
C100549_1,aromatic,True,0.1987,2246.0,31.0,NIST
C100709_1,aromatic,True,0.4047,2230.0,15.2,NIST
C103408113_0,aromatic,True,0.3067,2224.0,28.2,NIST
C104086546_0,saturated,True,0.1099,2252.0,46.3,NIST
C10412983_0,saturated,True,0.2221,2252.0,13.4,NIST
C104858_1,aromatic,True,0.3252,2236.0,8.2,NIST
C105340_1,saturated,True,0.1562,2256.0,26.9,NIST
C107142_0,saturated,True,0.1313,2258.0,12.7,NIST
C1075769_1,saturated,True,0.0527,2258.0,28.1,NIST
C109751_2,saturated,True,0.3567,2248.0,16.9,NIST
C109773_1,saturated,True,0.2544,2264.0,35.7,NIST
C109784_1,saturated,True,0.2588,2264.0,20.8,NIST
C109820_1,saturated,True,0.0656,2206.0,61.6,NIST
C110474_0,saturated,True,0.2458,2236.0,20.6,NIST
C110598_0,saturated,True,0.7498,2212.0,23.3,NIST
C1116434_0,saturated,True,0.1183,2238.0,17.7,NIST
C111693_1,saturated,True,1.0,2248.0,15.3,NIST
C111977_0,saturated,True,0.9469,2256.0,14.7,NIST
C116296334_0,saturated,True,0.0755,2226.0,23.1,NIST
C116373478_0,saturated,True,0.2935,2236.0,15.7,NIST
C116495795_0,aromatic,True,0.526,2218.0,11.7,NIST
C116529272_0,aromatic,True,0.4021,2232.0,26.9,NIST
C116558099_0,saturated,True,0.0324,2220.0,24.4,NIST
C1194021_1,aromatic,True,0.6797,2192.0,21.4,NIST
C1194656_1,aromatic,True,0.2046,2230.0,6.4,NIST
C13063439_0,saturated,True,0.0569,2280.0,27.5,NIST
C13991678_0,saturated,True,0.0433,2244.0,64.5,NIST
C140534_0,saturated,True,0.1691,2216.0,24.7,NIST
C140874_0,saturated,True,0.1947,2266.0,19.3,NIST
C15760357_1,saturated,True,0.501,2226.0,22.0,NIST
C1591179_0,saturated,False,0.0,,,NIST
C16000398_0,aromatic,True,0.3626,2198.0,28.4,NIST
C1620753_0,aromatic,True,0.1364,2234.0,28.5,NIST
C1698802_0,saturated,True,0.0636,2234.0,25.5,NIST
C1731460_0,saturated,True,0.1753,2246.0,18.3,NIST
C1738256_0,saturated,True,0.3792,2200.0,19.7,NIST
C1738369_1,saturated,False,0.0,,,NIST
C1835490_0,aromatic,True,0.1808,2264.0,8.4,NIST
C18381458_0,saturated,True,0.2083,2246.0,13.1,NIST
C18664943_1,saturated,True,0.374,2242.0,14.7,NIST
C1871961_0,saturated,True,0.4218,2212.0,22.7,NIST
C18877968_0,saturated,True,0.0648,2258.0,9.7,NIST
C19770742_0,aromatic,True,0.5193,2238.0,7.5,NIST
C19789561_0,aromatic,True,0.2111,2238.0,8.7,NIST
C2046186_0,saturated,True,0.3176,2212.0,18.7,NIST
C20621709_0,saturated,True,0.0706,2224.0,22.6,NIST
C22193200_0,saturated,True,0.1837,2250.0,15.0,NIST
C2244077_1,saturated,True,0.0802,2260.0,12.2,NIST
C22977884_0,saturated,False,0.0,,,NIST
C22977908_0,saturated,True,0.0541,2248.0,36.8,NIST
C22977919_0,saturated,True,0.059,2244.0,33.7,NIST
C22977964_0,saturated,True,0.0268,2244.0,668.2,NIST
C22977975_0,saturated,True,0.0482,2236.0,164.3,NIST
C22978003_0,saturated,False,0.0,,,NIST
C22978183_0,saturated,False,0.0,,,NIST
C22978194_0,saturated,True,0.0236,2238.0,336.0,NIST
C2402984_0,aromatic,True,0.2157,2258.0,6.5,NIST
C2458233_0,aromatic,True,0.1946,2244.0,32.8,NIST
C2571053_1,saturated,True,0.1158,2250.0,12.7,NIST
C2601890_1,saturated,True,0.0334,2244.0,28.5,NIST
C2619229_0,saturated,True,0.0755,2246.0,14.6,NIST
C27126938_2,aromatic,True,0.0251,2250.0,10.8,NIST
C2920389_0,aromatic,False,0.0,,,NIST
C3010024_1,saturated,True,0.0721,2192.0,22.1,NIST
C3018120_0,saturated,True,0.0251,2256.0,19.4,NIST
C3088413_0,saturated,True,0.118,2260.0,29.9,NIST
C31148955_0,saturated,True,0.1804,2226.0,15.3,NIST
C3122212_0,saturated,False,0.0,,,NIST
C353822_1,saturated,True,0.0515,2270.0,26.3,NIST
C3671612_0,aromatic,True,0.1613,2224.0,29.7,NIST
C372098_1,saturated,True,0.1804,2256.0,37.8,NIST
C3842204_0,saturated,False,0.0,,,NIST
C40648962_0,aromatic,True,0.2901,2252.0,15.4,NIST
C4107624_0,saturated,True,0.0747,2256.0,15.4,NIST
C4236651_0,saturated,True,0.3459,2212.0,23.8,NIST
C4242460_0,saturated,False,0.0,,,NIST
C447609_1,aromatic,True,0.0455,2246.0,9.4,NIST
C44981944_0,saturated,True,0.135,2224.0,18.3,NIST
C455185_0,aromatic,True,0.0866,2236.0,12.2,NIST
C4560876_0,saturated,True,0.08,2240.0,9.7,NIST
C4977622_0,saturated,True,0.0349,2254.0,489.7,NIST
C5005469_0,saturated,True,0.043,2244.0,14.1,NIST
C5018279_0,saturated,True,0.0725,2264.0,50.6,NIST
C5193577_0,saturated,True,0.1555,2244.0,23.7,NIST
C52460998_0,saturated,True,0.0858,2196.0,19.3,NIST
C5330472_0,saturated,True,0.1104,2266.0,8.9,NIST
C5332069_1,saturated,True,0.9985,2216.0,13.3,NIST
C5334430_1,aromatic,True,0.6723,2216.0,16.6,NIST
C5336572_1,saturated,True,0.1305,2240.0,14.3,NIST
C5399020_0,saturated,True,0.3687,2212.0,23.8,NIST
C545062_2,saturated,True,0.0247,2262.0,29.0,NIST
C5500210_0,saturated,True,1.0,2232.0,20.4,NIST
C555215_1,saturated,True,0.1904,2222.0,35.5,NIST
C59039837_0,saturated,True,0.0291,2212.0,252.7,NIST
C60285258_0,saturated,True,0.2048,2254.0,12.8,NIST
C61193042_0,saturated,True,0.0376,2272.0,32.4,NIST
C623007_1,aromatic,True,0.1385,2238.0,7.5,NIST
C623267_0,aromatic,True,0.3474,2190.0,21.8,NIST
C626175_1,aromatic,True,0.896,2234.0,9.8,NIST
C628739_0,saturated,True,0.5879,2210.0,21.8,NIST
C628875_0,saturated,True,0.5995,2238.0,11.3,NIST
C6292622_0,aromatic,True,0.5502,2220.0,15.6,NIST
C629607_0,saturated,True,0.127,2212.0,22.7,NIST
C64248642_1,aromatic,True,0.1667,2258.0,12.4,NIST
C645590_1,saturated,True,0.5735,2216.0,23.5,NIST
C6461990_0,aromatic,True,0.2318,2246.0,9.4,NIST
C646208_1,saturated,True,0.8698,2210.0,14.9,NIST
C6508049_1,aromatic,True,0.602,2220.0,11.9,NIST
C651774_0,aromatic,True,0.073,2236.0,19.4,NIST
C6550852_0,saturated,True,0.8218,2244.0,19.1,NIST
C6550965_0,saturated,True,0.7489,2230.0,16.9,NIST
C6698744_0,saturated,False,0.0,,,NIST
C6869074_0,saturated,False,0.0,,,NIST
C71172719_0,saturated,True,0.0203,2252.0,9.7,NIST
C7150756_0,saturated,True,0.1582,2240.0,17.3,NIST
C7321553_0,saturated,True,0.2276,2254.0,11.0,NIST
C7327608_0,saturated,True,0.1032,2238.0,12.1,NIST
C7659452_0,saturated,True,0.339,2254.0,12.9,NIST
C773820_0,aromatic,True,0.0385,2248.0,9.3,NIST
C783959_0,aromatic,True,0.1556,2246.0,12.1,NIST
C78671_1,saturated,True,0.1465,2210.0,18.9,NIST
C86240213_0,saturated,False,0.0,,,NIST
C90641795_0,saturated,True,0.1195,2252.0,13.3,NIST
C91253075_0,saturated,True,0.442,2214.0,21.0,NIST
C92059126_0,saturated,True,0.174,2230.0,10.5,NIST
