rule_id,tier,truth_group,wn_min,wn_max,chem_n_pos,chem_sens,chem_spec,chem_LR_pos,chem_LR_pos_boot_lo,chem_LR_pos_boot_hi,chem_LR_neg,chem_LR_pos_position_only,chem_underpowered,nist_n,nist_n_pos,nist_sens,nist_spec,nist_LR_pos,nist_LR_pos_boot_lo,nist_LR_pos_boot_hi,nist_LR_neg,nist_LR_pos_position_only,nist_underpowered,ratio_LR_pos_nist_over_chem
SMITH-BR4-CH3-ASYM,group,methyl,2952.0,2972.0,1069,0.456,0.798,2.25,1.66,3.2,0.68,2.25,False,5124,3136,0.321,0.872,2.5,1.99,2.84,0.78,2.5,False,1.11
SMITH-BR4-CH3-SYM,group,methyl,2862.0,2882.0,1069,0.292,0.896,2.8,1.88,4.27,0.79,2.8,False,5124,3136,0.226,0.869,1.73,1.4,1.95,0.89,1.73,False,0.62
SMITH-BR4-CH2-ASYM,group,methylene,2916.0,2936.0,1007,0.692,0.59,1.69,1.42,1.96,0.52,1.69,False,5124,3017,0.317,0.827,1.83,1.58,2.11,0.83,1.83,False,1.08
SMITH-BR4-CH2-SYM,group,methylene,2845.0,2865.0,1007,0.422,0.797,2.08,1.42,3.44,0.73,2.08,False,5124,3017,0.206,0.897,2.0,1.56,2.58,0.89,2.0,False,0.96
SMITH-BR4-CH3-UMBRELLA,group,methyl,1365.0,1385.0,1069,0.612,0.709,2.1,1.75,2.59,0.55,2.1,False,5124,3136,0.634,0.616,1.65,1.46,1.81,0.6,1.65,False,0.79
SMITH-BR4-CH2-ROCK,group,methylene_chain_4,710.0,730.0,130,0.738,0.45,1.34,1.08,1.59,0.58,1.34,False,5124,632,0.592,0.66,1.74,0.92,2.27,0.62,1.74,False,1.3
SMITH-BR4-BZ-MONO-OOP,group,aromatic_mono,710.0,770.0,344,0.974,0.069,1.05,1.01,1.08,0.38,1.05,False,5124,928,0.934,0.247,1.24,1.15,1.34,0.27,1.24,False,1.18
SMITH-BR4-BZ-MONO-690,group,aromatic_mono,680.0,700.0,344,0.91,0.517,1.88,1.68,2.19,0.17,1.88,False,5109,924,0.894,0.715,3.13,2.58,3.9,0.15,3.13,False,1.66
SMITH-BR4-BZ-ORTHO-OOP,group,aromatic_ortho,735.0,770.0,145,0.255,0.689,0.82,0.47,1.3,1.08,0.82,False,5109,258,0.504,0.698,1.67,1.04,1.93,0.71,1.67,False,2.04
SMITH-BR4-BZ-META-OOP,group,aromatic_meta,750.0,810.0,42,0.976,0.096,1.08,1.05,1.11,0.25,1.08,False,5124,141,0.965,0.253,1.29,1.18,1.46,0.14,1.29,False,1.19
SMITH-BR4-BZ-META-690,group,aromatic_meta,680.0,700.0,42,0.738,0.426,1.29,0.98,1.6,0.61,1.29,False,5109,141,0.667,0.612,1.72,1.36,2.76,0.54,1.72,False,1.33
SMITH-BR4-BZ-PARA-OOP,group,aromatic_para,790.0,860.0,415,0.443,0.627,1.19,0.94,1.47,0.89,1.19,False,5109,645,0.521,0.53,1.11,0.74,1.36,0.9,1.11,False,0.93
SMITH-BZ16-ARCH-STR,class,aromatics,3000.0,3100.0,1438,0.627,0.782,2.88,1.79,5.11,0.48,2.88,False,5124,3387,0.451,0.787,2.12,1.7,2.4,0.7,2.12,False,0.74
SMITH-BZ16-RING,class,aromatics,1400.0,1620.0,1438,1.0,0.0,1.0,1.0,1.01,0.07,1.0,False,5124,3387,0.999,0.02,1.02,1.01,1.02,0.06,1.02,False,1.02
SMITH-BZ16-OOP,class,aromatics,700.0,1000.0,1438,0.999,0.0,1.0,1.0,1.01,0.21,1.0,False,5124,3387,0.999,0.007,1.01,1.0,1.01,0.09,1.01,False,1.01
SMITH-BR5-ROH-OH-STR,group,alcohols,3300.0,3400.0,181,0.343,0.745,1.34,1.03,1.72,0.88,1.34,False,5124,1194,0.343,0.764,1.46,1.2,1.82,0.86,1.46,False,1.09
SMITH-BR5-ROH-OH-WAG,group,alcohols,600.0,700.0,181,0.834,0.157,0.99,0.91,1.08,1.06,0.99,False,1664,391,0.591,0.423,1.02,0.95,1.13,0.97,1.02,False,1.03
SMITH-BR5-ROH-PRIM-CO,group,alcohol_primary,1000.0,1075.0,20,0.95,0.041,0.99,0.9,1.04,1.23,0.99,False,5124,232,0.974,0.145,1.14,1.09,1.21,0.18,1.14,False,1.15
SMITH-BR5-ROH-SEC-CO,group,alcohol_secondary,1075.0,1150.0,47,0.936,0.045,0.98,0.89,1.05,1.42,0.98,False,5124,259,0.965,0.152,1.14,1.06,1.21,0.23,1.14,False,1.16
SMITH-BR5-ROH-TERT-CO,group,alcohol_tertiary,1100.0,1210.0,8,1.0,0.015,0.96,,,3.62,0.96,True,5124,94,1.0,0.067,1.07,1.03,1.11,0.08,1.07,False,1.11
SMITH-BR5-PHENOL-CO,group,phenol,1200.0,1260.0,64,0.891,0.09,0.98,0.86,1.08,1.21,0.98,False,5124,422,0.95,0.217,1.21,1.12,1.3,0.23,1.21,False,1.23
SMITH-BR5-CO-GENERAL,class,c_o_single_any,1000.0,1300.0,486,0.889,0.376,1.42,1.31,1.54,0.3,1.0,False,5124,1623,0.721,0.541,1.57,1.36,1.67,0.52,1.01,False,1.11
SMITH-BR5-ETHER-SAT-CO,group,ether_saturated,1070.0,1140.0,83,0.88,0.047,0.92,0.83,1.03,2.54,0.92,False,5124,242,0.971,0.155,1.15,1.07,1.25,0.19,1.15,False,1.25
SMITH-BR5-ETHER-MIX-CO-AR,group,ether_mixed,1200.0,1300.0,229,0.991,0.015,1.01,0.98,1.02,0.57,1.01,False,5124,346,0.983,0.081,1.07,0.99,1.11,0.22,1.07,False,1.06
SMITH-BR5-ETHER-MIX-CO-SAT,group,ether_mixed,1010.0,1050.0,229,0.939,0.169,1.13,1.04,1.2,0.36,1.13,False,5124,346,0.89,0.311,1.29,1.16,1.46,0.35,1.29,False,1.14
SMITH-BR5-ETHER-ARYL-CO,group,ether_aryl,1200.0,1300.0,13,1.0,0.014,0.98,0.91,1.0,2.42,0.98,False,5124,89,1.0,0.078,1.08,1.04,1.12,0.07,1.08,False,1.1
SMITH-BR6-CO-GENERAL,class,carbonyl_any,1600.0,1900.0,721,0.778,0.804,3.98,2.48,9.16,0.28,1.08,False,5124,2322,0.865,0.79,4.12,3.08,5.99,0.17,1.36,False,1.04
SMITH-BR6-KET-SAT-CO,group,ketone_saturated,1705.0,1725.0,41,0.585,0.901,5.89,3.19,9.55,0.46,2.95,False,5124,173,0.387,0.926,5.25,3.62,6.43,0.66,4.45,False,0.89
SMITH-BR6-KET-AR-CO,group,ketone_aromatic,1640.0,1700.0,159,0.535,0.787,2.51,1.66,3.37,0.59,1.45,False,5124,219,0.525,0.813,2.81,1.97,3.66,0.58,2.26,False,1.12
SMITH-BR6-KET-SAT-CCC,group,ketone_saturated,1100.0,1230.0,41,0.415,0.506,0.84,0.46,1.32,1.16,0.98,False,5124,173,0.208,0.666,0.62,0.42,0.76,1.19,1.05,False,0.74
SMITH-BR6-KET-AR-CCC,group,ketone_aromatic,1230.0,1300.0,159,0.447,0.704,1.51,0.85,2.27,0.79,1.03,False,5124,219,0.607,0.741,2.35,1.53,3.23,0.53,1.13,False,1.56
SMITH-BR6-ACID-SAT-CO,group,carboxylic_acid_saturated,1700.0,1730.0,10,0.2,0.848,1.32,0.23,4.2,0.94,1.59,False,5124,211,0.493,0.882,4.17,3.62,5.14,0.58,2.96,False,3.16
SMITH-BR6-ACID-AR-CO,group,carboxylic_acid_aromatic,1680.0,1710.0,29,0.621,0.87,4.76,3.13,7.18,0.44,2.41,False,5124,91,0.407,0.89,3.7,2.49,4.48,0.67,3.54,False,0.78
SMITH-BR6-ACID-CO,group,carboxylic_acids,1210.0,1320.0,48,0.938,0.019,0.96,0.81,1.01,3.33,0.96,False,5124,325,0.972,0.066,1.04,1.02,1.06,0.42,1.04,False,1.08
SMITH-BR6-ACID-OH-STR,group,carboxylic_acids,2500.0,3500.0,48,0.104,0.947,1.97,0.14,5.51,0.95,1.0,False,5124,325,0.44,0.622,1.16,0.99,1.39,0.9,1.02,False,0.59
SMITH-BR6-ACID-OH-IPB,group,carboxylic_acids,1395.0,1440.0,48,0.938,0.19,1.16,1.05,1.24,0.33,1.16,False,5124,325,0.865,0.381,1.4,1.23,1.47,0.36,1.4,False,1.21
SMITH-BR6-ACID-OH-OOP,group,carboxylic_acids,900.0,960.0,48,0.875,0.135,1.01,0.96,1.09,0.93,1.01,False,5124,325,0.877,0.282,1.22,1.05,1.3,0.44,1.22,False,1.21
SMITH-BR7-EST-SAT-CO,group,ester_saturated,1735.0,1755.0,128,0.398,0.991,43.25,18.43,116.37,0.61,2.89,False,5124,440,0.423,0.966,12.45,7.05,15.97,0.6,6.89,False,0.29
SMITH-BR7-EST-SAT-CCO,group,ester_saturated,1160.0,1210.0,128,0.508,0.746,2.0,1.25,2.75,0.66,0.86,False,5124,440,0.377,0.841,2.37,1.78,2.83,0.74,1.13,False,1.18
SMITH-BR7-EST-SAT-OCC,group,ester_saturated,1030.0,1100.0,128,0.281,0.715,0.99,0.56,1.43,1.01,1.03,False,5124,440,0.177,0.851,1.19,0.86,1.97,0.97,1.04,False,1.2
SMITH-BR7-EST-AR-CO,group,ester_aromatic,1715.0,1730.0,116,0.284,0.954,6.13,3.62,10.27,0.75,2.22,False,5124,169,0.29,0.934,4.37,2.34,6.58,0.76,3.44,False,0.71
SMITH-BR7-EST-AR-CCO,group,ester_aromatic,1250.0,1310.0,116,0.793,0.82,4.41,3.19,6.47,0.25,1.09,False,5124,169,0.686,0.8,3.44,2.6,4.02,0.39,1.19,False,0.78
SMITH-BR7-EST-AR-OCC,group,ester_aromatic,1100.0,1130.0,116,0.414,0.834,2.5,1.85,3.31,0.7,1.07,False,5124,169,0.237,0.917,2.87,1.93,4.07,0.83,1.45,False,1.15
SMITH-BR7-CARB-SAT-CO,group,carbonate_organic,1730.0,1750.0,2,0.0,0.937,2.63,,,0.89,0.64,True,5124,21,0.476,0.917,5.7,1.39,9.04,0.57,3.86,False,2.17
SMITH-BR7-CARB-SAT-OCO,group,carbonate_organic,1240.0,1280.0,2,0.5,0.777,2.25,,,0.64,0.66,True,5124,21,0.714,0.807,3.7,1.33,5.63,0.35,1.11,False,1.64
SMITH-BR7-CARB-MIX-CO,group,carbonate_organic,1760.0,1790.0,2,0.0,0.995,34.18,,,0.84,1.98,True,5124,21,0.19,0.974,7.42,1.45,20.14,0.83,5.2,False,0.22
SMITH-BR7-CARB-MIX-OCO,group,carbonate_organic,1210.0,1250.0,2,1.0,0.735,3.14,,,0.23,1.09,True,5124,21,0.286,0.817,1.56,0.29,3.25,0.87,0.75,False,0.5
SMITH-BR7-CARB-AR-CO,group,carbonate_organic,1775.0,1820.0,2,0.0,0.995,30.16,,,0.84,1.44,True,5124,21,0.143,0.985,9.59,1.19,30.45,0.87,3.17,False,0.32
SMITH-BR7-CARB-AR-OCO,group,carbonate_organic,1205.0,1230.0,2,1.0,0.825,4.76,,,0.2,1.51,True,5124,21,0.19,0.897,1.85,0.24,5.96,0.9,0.81,False,0.39
SMITH-BR7-CARB-OCC,group,carbonate_organic,1000.0,1060.0,2,0.5,0.765,2.13,,,0.65,0.89,True,5124,21,0.19,0.878,1.56,0.49,2.28,0.92,1.06,False,0.73
SMITH-BR8-AMD1-NH-STR,group,amide_primary,3170.0,3370.0,5,0.4,0.685,1.27,,,0.88,1.27,True,5124,100,0.93,0.684,2.94,2.62,3.25,0.1,2.94,False,2.31
SMITH-BR8-AMD-CO,group,amides,1630.0,1680.0,223,0.471,0.849,3.11,2.29,4.29,0.62,1.91,False,5124,635,0.507,0.872,3.97,2.18,5.64,0.57,2.38,False,1.28
SMITH-BR8-AMD1-SCIS,group,amide_primary,1620.0,1650.0,5,0.2,0.702,0.67,,,1.14,0.67,True,5124,100,0.54,0.745,2.12,1.35,2.67,0.62,2.12,False,3.16
SMITH-BR8-AMD1-CN,group,amide_primary,1390.0,1430.0,5,0.6,0.246,0.8,,,1.62,0.8,True,5124,100,0.78,0.422,1.35,1.14,1.47,0.52,1.35,False,1.69
SMITH-BR8-AMD1-WAG,group,amide_primary,600.0,750.0,5,1.0,0.022,0.94,,,3.82,0.94,True,1664,39,0.949,0.161,1.13,1.0,1.2,0.32,1.13,False,1.2
SMITH-BR8-AMD2-NH-STR,group,amide_secondary,3170.0,3370.0,147,0.939,0.751,3.77,3.22,4.51,0.08,3.77,False,5124,356,0.77,0.704,2.6,2.06,3.02,0.33,2.6,False,0.69
SMITH-BR8-AMD2-NH-IPB,group,amide_secondary,1515.0,1570.0,147,0.442,0.886,3.87,2.79,5.25,0.63,1.5,False,5124,356,0.388,0.849,2.57,1.47,3.93,0.72,1.64,False,0.66
SMITH-BR8-AMD2-CN,group,amide_secondary,1230.0,1310.0,147,0.905,0.064,0.97,0.86,1.04,1.49,0.97,False,5124,356,0.949,0.113,1.07,0.99,1.12,0.45,1.07,False,1.1
SMITH-BR8-AMD2-WAG,group,amide_secondary,680.0,750.0,147,0.973,0.047,1.02,0.98,1.06,0.57,1.02,False,5109,354,0.856,0.206,1.08,1.0,1.18,0.7,1.08,False,1.06
SMITH-BR8-AMN1-SAT-ASYM,group,amine_primary_saturated,3350.0,3380.0,13,0.692,0.92,8.66,6.03,13.06,0.33,8.66,False,5124,111,0.207,0.911,2.33,0.83,3.61,0.87,2.33,False,0.27
SMITH-BR8-AMN1-AR-ASYM,group,amine_primary_aromatic,3420.0,3500.0,61,0.639,0.906,6.8,4.64,10.75,0.4,6.8,False,5124,361,0.485,0.84,3.03,1.81,4.11,0.61,3.03,False,0.45
SMITH-BR8-AMN1-SAT-SYM,group,amine_primary_saturated,3280.0,3310.0,13,0.385,0.889,3.47,0.69,5.78,0.69,3.47,False,5124,111,0.198,0.928,2.74,0.65,4.03,0.86,2.74,False,0.79
SMITH-BR8-AMN1-AR-SYM,group,amine_primary_aromatic,3340.0,3420.0,61,0.721,0.801,3.63,2.57,4.81,0.35,3.63,False,5124,361,0.634,0.79,3.02,2.33,3.5,0.46,3.02,False,0.83
SMITH-BR8-AMN1-SCIS,group,amine_primary,1580.0,1650.0,76,0.895,0.129,1.03,0.94,1.11,0.81,1.03,False,5124,490,0.963,0.338,1.45,1.21,1.86,0.11,1.45,False,1.41
SMITH-BR8-AMN1-SAT-CN,group,amine_primary_saturated,1020.0,1250.0,13,1.0,0.002,0.97,0.89,0.99,15.58,0.97,False,5124,111,1.0,0.01,1.01,0.97,1.02,0.43,1.01,False,1.04
SMITH-BR8-AMN1-AR-CN,group,amine_primary_aromatic,1250.0,1350.0,61,0.951,0.059,1.01,0.95,1.07,0.84,1.01,False,5124,361,0.978,0.092,1.08,1.01,1.14,0.24,1.08,False,1.07
SMITH-BR8-AMN1-WAG,group,amine_primary,750.0,850.0,76,0.947,0.018,0.96,0.93,1.01,2.96,0.96,False,5124,490,0.957,0.124,1.09,1.02,1.18,0.35,1.09,False,1.14
SMITH-BR8-AMN2-SAT-NH,group,amine_secondary_saturated,3280.0,3320.0,24,0.125,0.865,0.92,0.19,2.25,1.01,0.92,False,5124,74,0.405,0.905,4.27,2.85,5.38,0.66,4.27,False,4.64
SMITH-BR8-AMN2-AR-NH,group,amine_secondary_aromatic,3380.0,3420.0,60,0.283,0.879,2.34,1.21,3.66,0.82,2.34,False,5124,191,0.241,0.876,1.94,1.23,2.51,0.87,1.94,False,0.83
SMITH-BR8-AMN2-SAT-CNC,group,amine_secondary_saturated,1130.0,1180.0,24,1.0,0.11,1.1,1.04,1.14,0.18,1.1,False,5124,74,0.73,0.262,0.99,0.89,1.12,1.03,0.99,False,0.9
SMITH-BR8-AMN2-AR-CNC,group,amine_secondary_aromatic,1250.0,1350.0,60,0.983,0.06,1.05,1.0,1.07,0.28,1.05,False,5124,191,0.984,0.09,1.08,1.03,1.16,0.17,1.08,False,1.03
SMITH-BR8-AMN2-WAG,group,amine_secondary,700.0,750.0,85,0.965,0.108,1.08,1.02,1.13,0.33,1.08,False,5124,281,0.722,0.304,1.04,0.95,1.1,0.91,1.04,False,0.96
SMITH-BR8-NH-ANY,class,n_h_any,3300.0,3500.0,324,0.602,0.683,1.9,1.61,2.37,0.58,1.9,False,5124,1420,0.762,0.662,2.25,1.72,2.6,0.36,2.25,False,1.18
SMITH-ALD17-SAT-CO,group,aldehyde_saturated,1720.0,1740.0,3,0.0,0.928,1.72,,,0.94,0.51,True,5124,18,0.611,0.904,6.34,2.46,9.95,0.43,5.51,False,3.69
SMITH-ALD17-AR-CO,group,aldehyde_aromatic,1685.0,1710.0,64,0.156,0.894,1.47,0.65,3.95,0.94,1.6,False,5124,44,0.273,0.908,2.97,0.72,4.0,0.8,2.37,False,2.02
SMITH-ALD17-CH-STR,group,aldehydes,2700.0,2850.0,68,0.603,0.714,2.11,1.55,2.97,0.56,2.11,False,5124,72,0.694,0.795,3.39,2.72,3.87,0.38,3.39,False,1.61
SMITH-ALD17-CH-BEND,group,aldehydes,1380.0,1400.0,68,0.588,0.579,1.4,1.14,2.18,0.71,1.4,False,5124,72,0.597,0.571,1.39,0.91,1.7,0.71,1.39,False,0.99
SMITH-ALK16-CH-STR,class,alkene,3000.0,3100.0,228,0.575,0.395,0.95,0.78,1.11,1.08,0.95,False,5124,618,0.447,0.64,1.24,0.85,1.66,0.86,1.24,False,1.31
SMITH-ALK16-CC-STR,class,alkene,1630.0,1680.0,228,0.566,0.552,1.26,0.99,1.56,0.79,1.26,False,5124,618,0.597,0.718,2.12,1.6,2.51,0.56,2.12,False,1.68
SMITH-ALK16-VINYL-CC,group,alkene_vinyl,1630.0,1660.0,34,0.765,0.688,2.45,2.06,2.98,0.34,2.45,False,5124,91,0.736,0.786,3.43,1.44,4.07,0.34,3.43,False,1.4
SMITH-ALK16-VINYL-WAG1,group,alkene_vinyl,985.0,995.0,34,0.353,0.837,2.17,0.84,3.8,0.77,2.17,False,5124,91,0.527,0.869,4.03,2.75,5.26,0.54,4.03,False,1.86
SMITH-ALK16-VINYL-WAG2,group,alkene_vinyl,905.0,915.0,34,0.382,0.74,1.47,0.61,2.34,0.84,1.47,False,5124,91,0.264,0.835,1.6,1.24,2.38,0.88,1.6,False,1.09
SMITH-ALK16-TRISUB-CC,group,alkene_trisubstituted,1660.0,1680.0,41,0.415,0.806,2.13,0.69,3.29,0.73,2.13,False,5124,158,0.361,0.877,2.93,1.89,3.87,0.73,2.93,False,1.38
SMITH-ALK16-TRISUB-WAG,group,alkene_trisubstituted,790.0,840.0,41,0.927,0.16,1.1,0.97,1.2,0.46,1.1,False,5124,158,0.747,0.338,1.13,0.93,1.32,0.75,1.13,False,1.03
SMITH-ALY17-TERM-CH,group,alkyne_terminal,3250.0,3350.0,23,0.87,0.772,3.81,3.0,4.63,0.17,3.81,False,5124,23,0.957,0.786,4.48,3.82,5.14,0.06,4.48,False,1.18
SMITH-ALY17-TERM-CC,group,alkyne_terminal,2100.0,2140.0,23,0.696,0.74,2.68,1.67,3.56,0.41,2.68,False,5124,23,0.348,0.971,11.91,4.71,16.02,0.67,11.91,False,4.44
SMITH-ALY17-INT-CC,group,alkyne_internal,2190.0,2260.0,79,0.785,0.771,3.42,2.68,4.18,0.28,3.42,False,5124,9,0.333,0.943,5.88,,,0.71,5.88,True,1.72
SMITH-ALY17-TERM-CH-BEND,group,alkyne_terminal,600.0,700.0,23,0.913,0.159,1.09,0.91,1.19,0.55,1.09,False,1664,1,1.0,0.42,1.29,,,0.59,1.29,True,1.18
SMITH-NIT19-SAT-CN,group,nitrile_saturated,2240.0,2260.0,3,0.0,1.0,384.25,,,0.88,12.87,True,5124,94,0.032,1.0,160.53,15.99,603.1,0.97,31.93,False,0.42
SMITH-NIT19-AR-CN,group,nitrile_aromatic,2220.0,2240.0,69,0.058,1.0,189.13,28.3,390.32,0.94,10.09,False,5124,33,0.061,0.999,61.71,13.68,337.73,0.94,28.22,False,0.33
SMITH-NO2-20-ASYM,group,nitro,1500.0,1550.0,50,0.82,0.845,5.29,4.07,7.11,0.21,1.64,False,5124,388,0.608,0.852,4.1,2.98,6.79,0.46,2.2,False,0.78
SMITH-NO2-20-SYM,group,nitro,1330.0,1390.0,50,0.72,0.846,4.66,3.54,6.27,0.33,1.14,False,5124,388,0.753,0.852,5.08,3.66,6.06,0.29,1.17,False,1.09
SMITH-NO2-20-SCIS,group,nitro,835.0,890.0,50,0.9,0.432,1.58,1.32,1.81,0.23,1.06,False,5124,388,0.549,0.686,1.75,1.25,2.05,0.66,1.23,False,1.11
SMITH-BR4-BZ-MONO-BOTH,group,aromatic_mono,710.0,770.0,344,0.892,0.545,1.96,1.74,2.23,0.2,1.96,False,5109,924,0.841,0.772,3.69,2.92,4.79,0.21,3.69,False,1.88
SMITH-BR4-BZ-META-BOTH,group,aromatic_meta,750.0,810.0,42,0.738,0.473,1.4,1.06,1.69,0.55,1.4,False,5109,141,0.652,0.679,2.03,1.6,3.34,0.51,2.03,False,1.45
